{"0": {"precision": 0.9715536105032823, "recall": 0.9758241758241758, "f1-score": 0.9736842105263158, "support": 455.0}, "1": {"precision": 0.8571428571428571, "recall": 0.8354430379746836, "f1-score": 0.8461538461538461, "support": 79.0}, "accuracy": 0.9550561797752809, "macro avg": {"precision": 0.9143482338230697, "recall": 0.9056336068994297, "f1-score": 0.909919028340081, "support": 534.0}, "weighted avg": {"precision": 0.9546276750810471, "recall": 0.9550561797752809, "f1-score": 0.9548173588682164, "support": 534.0}}