{"0": {"precision": 0.9695652173913043, "recall": 0.9802197802197802, "f1-score": 0.9748633879781421, "support": 455.0}, "1": {"precision": 0.8783783783783784, "recall": 0.8227848101265823, "f1-score": 0.8496732026143791, "support": 79.0}, "accuracy": 0.9569288389513109, "macro avg": {"precision": 0.9239717978848414, "recall": 0.9015022951731813, "f1-score": 0.9122682952962606, "support": 534.0}, "weighted avg": {"precision": 0.9560750295972571, "recall": 0.9569288389513109, "f1-score": 0.956342742577885, "support": 534.0}}