{"0": {"precision": 0.9673202614379085, "recall": 0.9758241758241758, "f1-score": 0.9715536105032823, "support": 455.0}, "1": {"precision": 0.8533333333333334, "recall": 0.810126582278481, "f1-score": 0.8311688311688312, "support": 79.0}, "accuracy": 0.951310861423221, "macro avg": {"precision": 0.910326797385621, "recall": 0.8929753790513284, "f1-score": 0.9013612208360567, "support": 534.0}, "weighted avg": {"precision": 0.950457026755771, "recall": 0.951310861423221, "f1-score": 0.9507850757328298, "support": 534.0}}